{
  "experiments": [
    {
      "experiment": "poly_price_lag",
      "signal_count": 10,
      "regime_breakdown": {
        "late": 2,
        "settlement": 8
      },
      "vol_breakdown": {
        "low": 10
      },
      "win_rate": 0.2,
      "mean_return": -0.000134278456981788,
      "median_return": -0.00023844044565277263,
      "max_drawdown": 0.0011533867163350518,
      "expectancy": -0.00013427845698178807,
      "fee_adjusted_pnl": -0.10567139228490895,
      "top_conditions": [
        {
          "phase": "settlement",
          "regime": "low",
          "count": 3,
          "win_rate": 0.0,
          "mean_return": -0.00021405166460999374,
          "expectancy": -0.00021405166460999374
        }
      ],
      "worst_conditions": []
    }
  ],
  "total_signals": 10,
  "news_events": 0,
  "okx_ticks": 1547,
  "binance_ticks": 18990,
  "bybit_ticks": 13095,
  "poly_polls": 99,
  "errors": 0
}